Id,Weekly_Sales
10_1_2012-11-02,73592.06568995582
10_2_2012-11-02,106550.79887391599
10_3_2012-11-02,20235.214395946896
10_4_2012-11-02,51556.090232348644
10_5_2012-11-02,66126.3434314109
10_6_2012-11-02,10492.64383511046
10_7_2012-11-02,54818.33811463415
10_10_2012-11-02,46065.78439528293
10_11_2012-11-02,27469.11196928134
10_12_2012-11-02,8575.237412370736
10_13_2012-11-02,65467.34581762131
10_14_2012-11-02,36611.335011023744
10_16_2012-11-02,10375.044781681194
10_17_2012-11-02,25908.503188782943
10_18_2012-11-02,22731.97343650097
10_19_2012-11-02,2944.736152115829
10_20_2012-11-02,15790.723611004365
10_21_2012-11-02,8646.74122047735
10_22_2012-11-02,24524.8549219096
10_23_2012-11-02,62506.337609259215
10_24_2012-11-02,13823.615005881531
10_25_2012-11-02,20074.930840191395
10_26_2012-11-02,19560.188498547996
10_27_2012-11-02,4190.0483886752145
10_28_2012-11-02,1861.7623284577078
10_29_2012-11-02,14711.133844985889
10_30_2012-11-02,9636.511694105253
10_31_2012-11-02,4174.280337252276
10_32_2012-11-02,18539.636240694068
10_33_2012-11-02,14003.962940440642
10_34_2012-11-02,38414.441697364324
10_35_2012-11-02,7522.05545188552
10_36_2012-11-02,2305.740555949618
10_37_2012-11-02,3904.619775423356
10_38_2012-11-02,98682.0060141376
10_40_2012-11-02,100065.82551619658
10_41_2012-11-02,14664.115709023941
10_42_2012-11-02,11826.525494445246
10_44_2012-11-02,10009.622779078652
10_46_2012-11-02,50192.71762117268
10_48_2012-11-02,3754.897411090249
10_49_2012-11-02,17267.21164243454
10_50_2012-11-02,4013.5338840048717
10_52_2012-11-02,4987.009719890777
10_54_2012-11-02,106.50419361258554
10_55_2012-11-02,17311.29071270717
10_56_2012-11-02,737.7118516267125
10_58_2012-11-02,4496.483449226946
10_59_2012-11-02,602.7985557877632
10_60_2012-11-02,673.2873688527503
10_67_2012-11-02,10867.33323769522
10_71_2012-11-02,12552.769855302031
10_72_2012-11-02,145224.3020193781
10_74_2012-11-02,37815.71599009691
10_79_2012-11-02,36141.457498682445
10_1_2012-11-09,29313.943634677697
10_2_2012-11-09,105283.39577009894
10_3_2012-11-09,19450.856593179124
10_4_2012-11-09,50357.077228230206
10_5_2012-11-09,88277.1432276639
10_6_2012-11-09,6833.151720587756
10_7_2012-11-09,76170.23492696561
10_10_2012-11-09,45033.115191159086
10_11_2012-11-09,29091.209502682468
10_12_2012-11-09,8389.252175657208
10_13_2012-11-09,65262.509469679775
10_14_2012-11-09,43002.326010057324
10_16_2012-11-09,8647.632624067608
10_17_2012-11-09,30502.363094604167
10_18_2012-11-09,14722.359665348566
10_19_2012-11-09,2714.3658203659497
10_20_2012-11-09,15837.7825095873
10_21_2012-11-09,10163.474226312062
10_22_2012-11-09,24308.644879354775
10_23_2012-11-09,61278.92767250566
10_24_2012-11-09,16091.90784812663
10_25_2012-11-09,20617.559616312497
10_26_2012-11-09,23933.552743055963
10_27_2012-11-09,4956.4780871494295
10_28_2012-11-09,1756.0282000591847
10_29_2012-11-09,17973.970588618708
10_30_2012-11-09,11000.554309837054
10_31_2012-11-09,4393.723545533903
10_32_2012-11-09,20554.880521864063
10_33_2012-11-09,14377.01177472097
10_34_2012-11-09,42671.42931240324
10_35_2012-11-09,6962.8586194396885
10_36_2012-11-09,2031.879345839873
10_37_2012-11-09,4165.725147279783
10_38_2012-11-09,82348.61058052424
10_40_2012-11-09,100294.38782420871
10_41_2012-11-09,13938.574191266704
10_42_2012-11-09,11551.321531997308
10_44_2012-11-09,8354.913725439435
10_46_2012-11-09,52357.655651176814
10_48_2012-11-09,3425.481685692076
10_49_2012-11-09,20307.454902427027
10_50_2012-11-09,4011.3756155199044
10_52_2012-11-09,5280.823847719115
10_54_2012-11-09,101.90752955852459
10_55_2012-11-09,46172.31723224712
10_56_2012-11-09,863.9826630632491
10_58_2012-11-09,4542.524914460854
10_59_2012-11-09,3002.9092878693746
10_60_2012-11-09,446.48857239508
10_67_2012-11-09,10917.802153997003
10_71_2012-11-09,14174.48523046816
10_72_2012-11-09,163321.2013494348
10_74_2012-11-09,41243.71174934436
10_79_2012-11-09,35571.78449634312
10_1_2012-11-16,32885.228031532635
10_2_2012-11-16,101051.89716000501
10_3_2012-11-16,20568.698844876497
10_4_2012-11-16,48455.19664987622
10_5_2012-11-16,66548.76230189907
10_6_2012-11-16,8777.590570828806
10_7_2012-11-16,81782.35431876371
10_10_2012-11-16,46083.890806718126
10_11_2012-11-16,32323.57448151091
10_12_2012-11-16,8647.259579580412
10_13_2012-11-16,60065.285472989344
10_14_2012-11-16,47100.883148948786
10_16_2012-11-16,7905.411815900223
10_17_2012-11-16,27820.527670513897
10_18_2012-11-16,32575.389053578623
10_19_2012-11-16,3288.5922499435947
10_20_2012-11-16,15037.212885453955
10_21_2012-11-16,10248.862677121715
10_22_2012-11-16,28564.86987759421
10_23_2012-11-16,74971.86736316078
10_24_2012-11-16,22089.508371677777
10_25_2012-11-16,21270.29269196458
10_26_2012-11-16,25486.38188593461
10_27_2012-11-16,6227.922828221019
10_28_2012-11-16,2196.688273144475
10_29_2012-11-16,18103.504959927217
10_30_2012-11-16,9367.886272873258
10_31_2012-11-16,5858.449679446274
10_32_2012-11-16,20842.187418985894
10_33_2012-11-16,21584.498256585528
10_34_2012-11-16,52415.793694363194
10_35_2012-11-16,9937.813968199274
10_36_2012-11-16,2191.770262074108
10_37_2012-11-16,4276.69074248114
10_38_2012-11-16,89215.64200525238
10_40_2012-11-16,95130.34205676806
10_41_2012-11-16,15123.455816425021
10_42_2012-11-16,12060.766442952354
10_44_2012-11-16,10147.746241285331
10_46_2012-11-16,52768.05476401502
10_48_2012-11-16,3717.664863891199
10_49_2012-11-16,17538.669593712333
10_50_2012-11-16,4142.353271750139
10_52_2012-11-16,5207.29173482411
10_54_2012-11-16,-21.596041552515004
10_55_2012-11-16,28824.150336288745
10_56_2012-11-16,877.5193036068828
10_58_2012-11-16,5440.473221482217
10_59_2012-11-16,5193.627847657619
10_60_2012-11-16,563.9061782268881
10_67_2012-11-16,11538.48335275133
10_71_2012-11-16,13697.406769191823
10_72_2012-11-16,131770.0731691462
10_74_2012-11-16,37574.26218464484
10_79_2012-11-16,35984.84060535323
10_1_2012-11-23,34725.729815050094
10_2_2012-11-23,96309.4781489886
10_3_2012-11-23,19189.436715509764
10_4_2012-11-23,45845.88098999181
10_5_2012-11-23,227226.60749346975
10_6_2012-11-23,39006.66112902876
10_7_2012-11-23,202691.08619872207
10_10_2012-11-23,45074.793041426616
10_11_2012-11-23,27378.662364699794
10_12_2012-11-23,7995.915630226726
10_13_2012-11-23,55218.150605171206
10_14_2012-11-23,78791.64248004346
10_16_2012-11-23,8762.190188355517
10_17_2012-11-23,34583.52252599222
10_18_2012-11-23,57373.58242128945
10_19_2012-11-23,2662.324419438903
10_20_2012-11-23,21535.160492243947
10_21_2012-11-23,11739.160201447614
10_22_2012-11-23,38253.18073871255
10_23_2012-11-23,89708.58492225717
10_24_2012-11-23,29888.00125151986
10_25_2012-11-23,24435.250731214892
10_26_2012-11-23,34871.13999857078
10_27_2012-11-23,6282.306012263601
10_28_2012-11-23,1686.7754555582203
10_29_2012-11-23,22319.292871572543
10_30_2012-11-23,11631.83160954765
10_31_2012-11-23,5568.881365872872
10_32_2012-11-23,27418.41647745274
10_33_2012-11-23,26778.880610892822
10_34_2012-11-23,60132.398860873516
10_35_2012-11-23,9621.670647187322
10_36_2012-11-23,1872.368156004588
10_37_2012-11-23,3358.034515529435
10_38_2012-11-23,68195.10758261962
10_40_2012-11-23,84042.76202251135
10_41_2012-11-23,17442.511131926407
10_42_2012-11-23,11253.092078620026
10_44_2012-11-23,12420.773222790975
10_45_2012-11-23,-18.418208546277608
10_46_2012-11-23,53688.51268416583
10_48_2012-11-23,4295.22113466648
10_49_2012-11-23,13689.600288745729
10_50_2012-11-23,3146.6249288422846
10_52_2012-11-23,11100.061156037664
10_54_2012-11-23,219.62180653441175
10_55_2012-11-23,64430.689028697896
10_56_2012-11-23,1854.0028549419296
10_58_2012-11-23,5475.965592100263
10_59_2012-11-23,9208.235267549757
10_60_2012-11-23,218.79961720778772
10_67_2012-11-23,10033.776969813534
10_71_2012-11-23,22016.677807724354
10_72_2012-11-23,643791.1452949077
10_74_2012-11-23,54631.78501572036
10_79_2012-11-23,38701.086253687965
10_1_2012-11-30,49729.75953481287
10_2_2012-11-30,99708.4587838968
10_3_2012-11-30,20991.428401219706
10_4_2012-11-30,49257.8134671513
10_5_2012-11-30,103653.56474312342
10_6_2012-11-30,14515.747013318214
10_7_2012-11-30,132912.8484284979
10_10_2012-11-30,45668.157433868044
10_11_2012-11-30,31972.228313121243
10_12_2012-11-30,7566.110118502619
10_13_2012-11-30,58129.99035238597
10_14_2012-11-30,44382.4983385898
10_16_2012-11-30,6664.9530911404145
10_17_2012-11-30,30523.00429586935
10_18_2012-11-30,103480.94487193917
10_19_2012-11-30,2866.9197855833418
10_20_2012-11-30,13079.010039317167
10_21_2012-11-30,9420.782602711342
10_22_2012-11-30,24670.248093130358
10_23_2012-11-30,69709.1545394272
10_24_2012-11-30,18087.485874279773
10_25_2012-11-30,20207.093585186474
10_26_2012-11-30,21606.572316132297
10_27_2012-11-30,6140.363058229042
10_28_2012-11-30,1881.3017470993327
10_29_2012-11-30,20056.110866698775
10_30_2012-11-30,10521.351280764808
10_31_2012-11-30,5990.807855034258
10_32_2012-11-30,30697.427079946854
10_33_2012-11-30,16428.2247222472
10_34_2012-11-30,44457.725510631644
10_35_2012-11-30,9018.288979202305
10_36_2012-11-30,1566.2042641986245
10_37_2012-11-30,3382.3545764992336
10_38_2012-11-30,101495.82100109494
10_40_2012-11-30,98703.15810511715
10_41_2012-11-30,18707.780935773844
10_42_2012-11-30,11633.924172858515
10_44_2012-11-30,10435.333939212836
10_46_2012-11-30,56509.102862045824
10_47_2012-11-30,18910.130960401664
10_48_2012-11-30,3486.847542282141
10_49_2012-11-30,16855.688936618
10_50_2012-11-30,4456.307290987491
10_52_2012-11-30,6345.459487562394
10_54_2012-11-30,213.26281308855116
10_55_2012-11-30,33015.27516534313
10_56_2012-11-30,2061.107521301447
10_58_2012-11-30,5445.3508953048295
10_59_2012-11-30,12537.898336441922
10_60_2012-11-30,473.88182925935115
10_67_2012-11-30,11754.77558291021
10_71_2012-11-30,13707.165264375491
10_72_2012-11-30,155614.47224152606
10_74_2012-11-30,34120.658800502
10_79_2012-11-30,34522.31041911794
10_1_2012-12-07,73995.9412460467
10_2_2012-12-07,106183.29126215685
10_3_2012-12-07,22599.10101023013
10_4_2012-12-07,49984.466115480114
10_5_2012-12-07,161571.4960193495
10_6_2012-12-07,15845.854101327885
10_7_2012-12-07,185837.83892930776
10_10_2012-12-07,46491.55979080109
10_11_2012-12-07,36716.78967113925
10_12_2012-12-07,7614.8860413385855
10_13_2012-12-07,59063.736924154495
10_14_2012-12-07,61225.63803308788
10_16_2012-12-07,8279.339794259331
10_17_2012-12-07,34461.20696170963
10_18_2012-12-07,110081.51861548814
10_19_2012-12-07,2195.1996834804295
10_20_2012-12-07,13781.244607703147
10_21_2012-12-07,10777.172005844188
10_22_2012-12-07,32761.77258289814
10_23_2012-12-07,75596.83041466412
10_24_2012-12-07,20819.148159342258
10_25_2012-12-07,22656.027872458875
10_26_2012-12-07,20206.713815011284
10_27_2012-12-07,7088.988451946869
10_28_2012-12-07,2260.3213244733984
10_29_2012-12-07,24625.421302908726
10_30_2012-12-07,12689.59499470258
10_31_2012-12-07,8405.25998298689
10_32_2012-12-07,32997.99689341695
10_33_2012-12-07,19313.166618126776
10_34_2012-12-07,53236.7039860319
10_35_2012-12-07,10765.076065028166
10_36_2012-12-07,2172.514486446757
10_37_2012-12-07,3786.734778386454
10_38_2012-12-07,106490.01572154052
10_40_2012-12-07,101858.26764349829
10_41_2012-12-07,20199.98099287997
10_42_2012-12-07,11060.503631299254
10_44_2012-12-07,10031.923951090319
10_46_2012-12-07,65072.54738642913
10_47_2012-12-07,23080.47078917848
10_48_2012-12-07,2691.5339583131913
10_49_2012-12-07,15948.16389430402
10_50_2012-12-07,3914.9547676413063
10_52_2012-12-07,6123.192864167378
10_54_2012-12-07,225.08897637686266
10_55_2012-12-07,44372.13697676585
10_56_2012-12-07,1929.2467970602077
10_58_2012-12-07,2855.8551116314234
10_59_2012-12-07,18264.068741150928
10_60_2012-12-07,327.9580810657108
10_67_2012-12-07,17424.036275550432
10_71_2012-12-07,13772.352468090441
10_72_2012-12-07,143032.61320584296
10_74_2012-12-07,33717.0747151714
10_79_2012-12-07,39563.57215288049
10_1_2012-12-14,99352.22405396377
10_2_2012-12-14,115923.25977484923
10_3_2012-12-14,28491.42984046021
10_4_2012-12-14,48558.74818647481
10_5_2012-12-14,147539.82623823744
10_6_2012-12-14,20493.22260103469
10_7_2012-12-14,222589.90602655915
10_10_2012-12-14,47794.196439725696
10_11_2012-12-14,37615.21765539276
10_12_2012-12-14,6021.328259670221
10_13_2012-12-14,54336.68847066513
10_14_2012-12-14,67567.41482798767
10_16_2012-12-14,7421.8513020524115
10_17_2012-12-14,35597.14427881809
10_18_2012-12-14,86661.55361333629
10_19_2012-12-14,3358.0757689934435
10_20_2012-12-14,14861.100727006806
10_21_2012-12-14,12399.576307744697
10_22_2012-12-14,37822.14060903371
10_23_2012-12-14,95740.69930838587
10_24_2012-12-14,26358.05754344212
10_25_2012-12-14,25047.756653460758
10_26_2012-12-14,24827.844449502667
10_27_2012-12-14,8604.407459669099
10_28_2012-12-14,2420.0707509019594
10_29_2012-12-14,25046.698673079758
10_30_2012-12-14,11388.179909571705
10_31_2012-12-14,10731.00889426537
10_32_2012-12-14,44582.07590737695
10_33_2012-12-14,25480.57271858991
10_34_2012-12-14,55377.64306614175
10_35_2012-12-14,11020.18599178226
10_36_2012-12-14,3027.1652319361556
10_37_2012-12-14,4392.290297705486
10_38_2012-12-14,90677.61174419249
10_40_2012-12-14,100435.37022369783
10_41_2012-12-14,23695.246410860836
10_42_2012-12-14,10971.804177330034
10_44_2012-12-14,13790.6651961826
10_46_2012-12-14,75437.44433746053
10_47_2012-12-14,-337.6076929450715
10_48_2012-12-14,4397.496984086165
10_49_2012-12-14,17964.331878755682
10_50_2012-12-14,4005.614309625407
10_52_2012-12-14,6623.4124404432005
10_54_2012-12-14,178.51902802471724
10_55_2012-12-14,53023.97574215333
10_56_2012-12-14,848.7464977000719
10_58_2012-12-14,2975.8611309209828
10_59_2012-12-14,20250.007322491805
10_60_2012-12-14,840.1354502444232
10_67_2012-12-14,23708.983582825793
10_71_2012-12-14,14363.586289159914
10_72_2012-12-14,186481.92245936638
10_74_2012-12-14,37938.83911288506
10_79_2012-12-14,43830.75051670468
10_1_2012-12-21,136541.73692590927
10_2_2012-12-21,146568.56608275676
10_3_2012-12-21,33103.02051730888
10_4_2012-12-21,51674.76710683781
10_5_2012-12-21,232976.82894778615
10_6_2012-12-21,43149.3210186133
10_7_2012-12-21,375004.99486074154
10_10_2012-12-21,57471.89914865903
10_11_2012-12-21,46189.59185327199
10_12_2012-12-21,7101.849901334181
10_13_2012-12-21,57784.82460760842
10_14_2012-12-21,102831.09704743978
10_16_2012-12-21,7630.135060068727
10_17_2012-12-21,50191.77181968305
10_18_2012-12-21,66838.91233141201
10_19_2012-12-21,3319.60257980376
10_20_2012-12-21,18782.539266807882
10_21_2012-12-21,17528.095770516295
10_22_2012-12-21,48369.205727983914
10_23_2012-12-21,153484.9695858013
10_24_2012-12-21,39271.357816545766
10_25_2012-12-21,34395.5833573001
10_26_2012-12-21,35590.80950467225
10_27_2012-12-21,12576.263756618686
10_28_2012-12-21,2734.938558411571
10_29_2012-12-21,37386.79975543835
10_30_2012-12-21,14792.4590431639
10_31_2012-12-21,13477.683307507812
10_32_2012-12-21,86515.26506519676
10_33_2012-12-21,39979.17475152277
10_34_2012-12-21,69960.236999094
10_35_2012-12-21,13994.584943134101
10_36_2012-12-21,3306.210086993184
10_37_2012-12-21,3731.0681751575175
10_38_2012-12-21,90447.6594339289
10_40_2012-12-21,105359.99334873405
10_41_2012-12-21,38873.54992968137
10_42_2012-12-21,10785.8190899073
10_44_2012-12-21,14944.230399137188
10_46_2012-12-21,107381.21117345343
10_48_2012-12-21,5599.921350876204
10_49_2012-12-21,16509.124583186505
10_50_2012-12-21,3898.53924318282
10_52_2012-12-21,8953.373951714246
10_54_2012-12-21,350.5053954998056
10_55_2012-12-21,103800.99486951178
10_56_2012-12-21,631.3930264367947
10_58_2012-12-21,7548.6542963662605
10_59_2012-12-21,34813.374539722514
10_60_2012-12-21,266.6613942675769
10_67_2012-12-21,27315.31220809726
10_71_2012-12-21,20503.177685849943
10_72_2012-12-21,347068.20874301763
10_74_2012-12-21,43971.190778430566
10_79_2012-12-21,46678.1759457086
10_1_2012-12-28,46510.153854795135
10_2_2012-12-28,89084.34611024076
10_3_2012-12-28,19439.494140403564
10_4_2012-12-28,44297.80940841439
10_5_2012-12-28,61498.52322908536
10_6_2012-12-28,11063.087404528547
10_7_2012-12-28,72473.73847241016
10_10_2012-12-28,41154.064934531416
10_11_2012-12-28,29927.678699535314
10_12_2012-12-28,6192.992063126192
10_13_2012-12-28,52833.520119354886
10_14_2012-12-28,47745.88276162124
10_16_2012-12-28,6715.125427346449
10_17_2012-12-28,27851.140271137283
10_18_2012-12-28,41124.81953372631
10_19_2012-12-28,1771.1765810517484
10_20_2012-12-28,12896.179147739858
10_21_2012-12-28,3293.6169652984254
10_22_2012-12-28,26538.605124589383
10_23_2012-12-28,57719.40802280331
10_24_2012-12-28,10450.774334729085
10_25_2012-12-28,16091.084378851334
10_26_2012-12-28,9475.144890320838
10_27_2012-12-28,5300.510267268863
10_28_2012-12-28,1845.494780097127
10_29_2012-12-28,15382.907697840716
10_30_2012-12-28,9731.082915920682
10_31_2012-12-28,4940.671040929481
10_32_2012-12-28,24578.32353983099
10_33_2012-12-28,8801.514364840137
10_34_2012-12-28,34258.33059363978
10_35_2012-12-28,8208.988798915327
10_36_2012-12-28,926.0415550097837
10_37_2012-12-28,3382.9402086837354
10_38_2012-12-28,85652.77000651692
10_40_2012-12-28,88001.17369166532
10_41_2012-12-28,6950.464168411084
10_42_2012-12-28,11209.358239909983
10_44_2012-12-28,6457.70091659086
10_46_2012-12-28,55367.515723583565
10_47_2012-12-28,13502.394644873715
10_48_2012-12-28,3246.698302187213
10_49_2012-12-28,18041.508589828423
10_50_2012-12-28,3979.645878455018
10_52_2012-12-28,3994.103583277403
10_54_2012-12-28,52.156018689484284
10_55_2012-12-28,33532.24784180507
10_56_2012-12-28,1136.6820940744033
10_58_2012-12-28,3793.9997328049744
10_59_2012-12-28,20574.207074621856
10_60_2012-12-28,22.42132958190902
10_67_2012-12-28,9136.726647600904
10_71_2012-12-28,14196.255529893448
10_72_2012-12-28,132461.12414536756
10_74_2012-12-28,45400.212986832856
10_79_2012-12-28,32181.35497485154
10_1_2013-01-04,17686.48616010988
10_2_2013-01-04,104119.8651719287
10_3_2013-01-04,31518.07913522984
10_4_2013-01-04,55150.10834412668
10_5_2013-01-04,38042.55404030594
10_6_2013-01-04,4180.581070691816
10_7_2013-01-04,20902.23052003436
10_10_2013-01-04,41884.335643720566
10_11_2013-01-04,39251.97003533157
10_12_2013-01-04,6914.752452761252
10_13_2013-01-04,64702.54628555781
10_14_2013-01-04,38145.91798233816
10_16_2013-01-04,6260.464841927895
10_17_2013-01-04,24568.05532000174
10_18_2013-01-04,7850.188776988789
10_19_2013-01-04,2598.9721155643056
10_20_2013-01-04,13923.720082139469
10_21_2013-01-04,5050.789587424783
10_22_2013-01-04,27046.981726604405
10_23_2013-01-04,52323.430772448286
10_24_2013-01-04,9987.26491481468
10_25_2013-01-04,15422.634963590073
10_26_2013-01-04,10054.19242230941
10_27_2013-01-04,5265.77740575296
10_28_2013-01-04,1432.2088954743467
10_29_2013-01-04,14253.095311426265
10_30_2013-01-04,8930.481372125465
10_31_2013-01-04,4714.639538971369
10_32_2013-01-04,15758.637141985771
10_33_2013-01-04,9291.92604914425
10_34_2013-01-04,34301.68339182261
10_35_2013-01-04,5090.618202990501
10_36_2013-01-04,717.3240684417262
10_37_2013-01-04,4383.422301729684
10_38_2013-01-04,90509.56653806254
10_40_2013-01-04,105457.51075480817
10_41_2013-01-04,6312.524812608006
10_42_2013-01-04,11194.439873700447
10_44_2013-01-04,7917.558017886004
10_46_2013-01-04,46367.47969643958
10_48_2013-01-04,2137.114590919827
10_49_2013-01-04,16499.24452787151
10_50_2013-01-04,3628.8456853241623
10_52_2013-01-04,4098.181253770787
10_54_2013-01-04,48.83608113264222
10_55_2013-01-04,14536.629529042038
10_56_2013-01-04,-889.1781806555019
10_58_2013-01-04,2145.190980472573
10_59_2013-01-04,1846.2483988362587
10_60_2013-01-04,187.364545175526
10_67_2013-01-04,7994.232920295823
10_71_2013-01-04,14243.724050141642
10_72_2013-01-04,106351.44858093387
10_74_2013-01-04,51902.472656273494
10_79_2013-01-04,29747.745766908163
10_1_2013-01-11,35282.10222246696
10_2_2013-01-11,108271.33908081571
10_3_2013-01-11,33218.64967812878
10_4_2013-01-11,52646.87658027383
10_5_2013-01-11,40070.521918033446
10_6_2013-01-11,6151.624582339406
10_7_2013-01-11,30123.32329768899
10_10_2013-01-11,38837.88109067475
10_11_2013-01-11,28549.40151727092
10_12_2013-01-11,7271.132826411219
10_13_2013-01-11,64493.46869148051
10_14_2013-01-11,38284.30233738929
10_16_2013-01-11,9800.673392237597
10_17_2013-01-11,25721.3770809951
10_18_2013-01-11,2127.5074723556777
10_19_2013-01-11,2214.768915917431
10_20_2013-01-11,13843.073142489708
10_21_2013-01-11,7122.048593299405
10_22_2013-01-11,24558.602151938016
10_23_2013-01-11,50555.18246986405
10_24_2013-01-11,8961.684381881136
10_25_2013-01-11,15892.27894044811
10_26_2013-01-11,11558.133044695034
10_27_2013-01-11,4968.165030431387
10_28_2013-01-11,1518.0814792081594
10_29_2013-01-11,13632.098700453254
10_30_2013-01-11,8217.73803501434
10_31_2013-01-11,3435.4101392682965
10_32_2013-01-11,15777.792975115752
10_33_2013-01-11,8786.08546831289
10_34_2013-01-11,35087.72861314309
10_35_2013-01-11,8492.824272526728
10_36_2013-01-11,588.9419763702599
10_37_2013-01-11,4058.7926629232134
10_38_2013-01-11,116059.80059760547
10_40_2013-01-11,105082.62039524964
10_41_2013-01-11,7194.684931116636
10_42_2013-01-11,12474.616936047343
10_44_2013-01-11,8184.622388057984
10_46_2013-01-11,48787.92653674828
10_48_2013-01-11,2840.6213887460285
10_49_2013-01-11,20425.136548316674
10_50_2013-01-11,4925.687718497265
10_52_2013-01-11,3706.6865632522868
10_54_2013-01-11,90.08939639264192
10_55_2013-01-11,13058.58504829308
10_56_2013-01-11,1222.5676975434012
10_58_2013-01-11,2491.3325613399384
10_59_2013-01-11,-2053.4503404514826
10_60_2013-01-11,125.11141260882371
10_67_2013-01-11,10127.214174139805
10_71_2013-01-11,14921.787981941041
10_72_2013-01-11,120978.6250399379
10_74_2013-01-11,45352.67225325888
10_79_2013-01-11,35031.5975377742
10_1_2013-01-18,25637.455302762224
10_2_2013-01-18,102350.65266904297
10_3_2013-01-18,35611.7792476217
10_4_2013-01-18,49402.810934100555
10_5_2013-01-18,43467.773398852165
10_6_2013-01-18,6269.2554057903335
10_7_2013-01-18,30611.648368670878
10_10_2013-01-18,44215.522798418904
10_11_2013-01-18,32465.438048822594
10_12_2013-01-18,7257.022408364897
10_13_2013-01-18,58636.82000500309
10_14_2013-01-18,37855.87168622589
10_16_2013-01-18,10957.493544952451
10_17_2013-01-18,24137.727191185866
10_18_2013-01-18,3534.9476404877555
10_19_2013-01-18,2888.602444409798
10_20_2013-01-18,14013.994459684667
10_21_2013-01-18,7615.234152659305
10_22_2013-01-18,20681.736364081677
10_23_2013-01-18,53555.29467805817
10_24_2013-01-18,9491.646497110592
10_25_2013-01-18,15873.1866246949
10_26_2013-01-18,11881.950303089461
10_27_2013-01-18,5092.979522602625
10_28_2013-01-18,1444.446492448167
10_29_2013-01-18,15540.901804271403
10_30_2013-01-18,9181.234949368172
10_31_2013-01-18,4670.5281926794805
10_32_2013-01-18,17340.73008553667
10_33_2013-01-18,10529.737732947255
10_34_2013-01-18,37648.140868601105
10_35_2013-01-18,6834.407324835002
10_36_2013-01-18,623.6155002256754
10_37_2013-01-18,3917.7994688930785
10_38_2013-01-18,94174.74113868007
10_40_2013-01-18,103537.16553309817
10_41_2013-01-18,13719.158188434336
10_42_2013-01-18,11724.589820501798
10_44_2013-01-18,6870.478956112943
10_46_2013-01-18,49467.05585873905
10_48_2013-01-18,1900.2773568528078
10_49_2013-01-18,20727.22314993922
10_50_2013-01-18,4315.2237775674175
10_52_2013-01-18,3349.7592797376537
10_54_2013-01-18,-363.7133752403895
10_55_2013-01-18,15068.323247700795
10_56_2013-01-18,1383.5697970111955
10_58_2013-01-18,4086.895625881913
10_59_2013-01-18,-1366.4149846919624
10_60_2013-01-18,380.96634775694434
10_67_2013-01-18,9660.708259385749
10_71_2013-01-18,15007.20072830696
10_72_2013-01-18,133381.1830764914
10_74_2013-01-18,42028.304313965236
10_79_2013-01-18,35605.112497076356
10_1_2013-01-25,35943.74877330591
10_2_2013-01-25,97588.4477490213
10_3_2013-01-25,27202.192602420862
10_4_2013-01-25,46677.74426421262
10_5_2013-01-25,49628.49591171068
10_6_2013-01-25,6828.489689056811
10_7_2013-01-25,31545.477173799554
10_10_2013-01-25,39235.544475965646
10_11_2013-01-25,22083.978426381625
10_12_2013-01-25,8701.676351608103
10_13_2013-01-25,57607.41202114768
10_14_2013-01-25,34762.281637012595
10_16_2013-01-25,19603.452728008975
10_17_2013-01-25,22885.34001495141
10_18_2013-01-25,4297.935496539861
10_19_2013-01-25,3014.0991864083207
10_20_2013-01-25,13288.823634352151
10_21_2013-01-25,7225.430805936712
10_22_2013-01-25,23002.394102108243
10_23_2013-01-25,46553.88559851594
10_24_2013-01-25,8411.906975985108
10_25_2013-01-25,15799.308592064404
10_26_2013-01-25,13507.200722602614
10_27_2013-01-25,4232.918752304791
10_28_2013-01-25,1524.8348458614382
10_29_2013-01-25,11606.285753551401
10_30_2013-01-25,8192.176251689367
10_31_2013-01-25,2764.630517361372
10_32_2013-01-25,14824.220962599335
10_33_2013-01-25,7424.3811089480205
10_34_2013-01-25,33089.173545585945
10_35_2013-01-25,8661.234086761498
10_36_2013-01-25,-35.181675439449776
10_37_2013-01-25,3467.9273068997213
10_38_2013-01-25,112299.5459537866
10_40_2013-01-25,103217.68874057758
10_41_2013-01-25,9647.849985719271
10_42_2013-01-25,11937.525735701358
10_44_2013-01-25,8884.871022305546
10_46_2013-01-25,47836.048442903826
10_48_2013-01-25,1433.9245401489352
10_49_2013-01-25,21928.05437033972
10_50_2013-01-25,4751.388161538283
10_52_2013-01-25,4930.999957169903
10_54_2013-01-25,60.77570601512424
10_55_2013-01-25,14216.25150239518
10_56_2013-01-25,2141.8632001372457
10_58_2013-01-25,3898.280942211546
10_59_2013-01-25,-476.774452504674
10_60_2013-01-25,333.4318999755744
10_67_2013-01-25,12255.886515991411
10_71_2013-01-25,15146.996631155514
10_72_2013-01-25,136124.23863318036
10_74_2013-01-25,40486.18076273505
10_79_2013-01-25,33569.02476254864
10_1_2013-02-01,37110.76196841813
10_2_2013-02-01,111674.19273906379
10_3_2013-02-01,29593.62015838731
10_4_2013-02-01,52319.88948416611
10_5_2013-02-01,64435.51173570908
10_6_2013-02-01,6863.444647147036
10_7_2013-02-01,38731.782606696375
10_10_2013-02-01,44912.798351416866
10_11_2013-02-01,35854.07102185465
10_12_2013-02-01,7660.544818149774
10_13_2013-02-01,63916.43372944449
10_14_2013-02-01,44270.167089922346
10_16_2013-02-01,19858.954541282765
10_17_2013-02-01,29721.73548372024
10_18_2013-02-01,4935.323827639244
10_19_2013-02-01,2961.9234410515537
10_20_2013-02-01,17111.709300856586
10_21_2013-02-01,8523.077239382248
10_22_2013-02-01,35747.78423880775
10_23_2013-02-01,68006.37038751603
10_24_2013-02-01,14533.60201804526
10_25_2013-02-01,19088.912363408203
10_26_2013-02-01,19970.87958453768
10_27_2013-02-01,5749.214532770468
10_28_2013-02-01,1744.0399522849377
10_29_2013-02-01,18638.360327285096
10_30_2013-02-01,10482.847087084036
10_31_2013-02-01,4958.643227455859
10_32_2013-02-01,21816.126931034898
10_33_2013-02-01,14484.413306104063
10_34_2013-02-01,43947.3257114466
10_35_2013-02-01,9465.714725944488
10_36_2013-02-01,162.50901499621224
10_37_2013-02-01,3773.032392205645
10_38_2013-02-01,102251.53544410304
10_40_2013-02-01,109607.16843343546
10_41_2013-02-01,10976.941373943122
10_42_2013-02-01,11475.573557568237
10_44_2013-02-01,8557.460111844952
10_46_2013-02-01,52640.087800523725
10_48_2013-02-01,2192.278567147858
10_49_2013-02-01,20014.703513746925
10_50_2013-02-01,4133.673184259981
10_52_2013-02-01,4552.912414140769
10_55_2013-02-01,18500.67050443443
10_56_2013-02-01,2345.085047163285
10_58_2013-02-01,3573.6842113081975
10_59_2013-02-01,348.004376403072
10_60_2013-02-01,468.064466791123
10_67_2013-02-01,14661.241376017386
10_71_2013-02-01,20996.236156023275
10_72_2013-02-01,187609.46827827243
10_74_2013-02-01,46299.48636902232
10_79_2013-02-01,44446.11792952355
10_1_2013-02-08,49471.75846311194
10_2_2013-02-08,118507.89701810777
10_3_2013-02-08,26513.461742719115
10_4_2013-02-08,53366.87300022109
10_5_2013-02-08,66076.4803482036
10_6_2013-02-08,12090.196185675053
10_7_2013-02-08,45061.65485925498
10_10_2013-02-08,49897.81124888894
10_11_2013-02-08,28202.064229632862
10_12_2013-02-08,9293.711209104207
10_13_2013-02-08,65801.53687938847
10_14_2013-02-08,45106.530294023905
10_16_2013-02-08,25019.793326200714
10_17_2013-02-08,32902.473076964394
10_18_2013-02-08,16054.143861927436
10_19_2013-02-08,2742.74200636549
10_20_2013-02-08,19241.99396786568
10_21_2013-02-08,8949.971055000162
10_22_2013-02-08,36007.918667641134
10_23_2013-02-08,67876.26850666529
10_24_2013-02-08,15674.723412735548
10_25_2013-02-08,23869.382871079168
10_26_2013-02-08,23216.156949655113
10_27_2013-02-08,6671.520905385651
10_28_2013-02-08,1693.8434725795598
10_29_2013-02-08,19880.108724327412
10_30_2013-02-08,13964.614015640236
10_31_2013-02-08,5240.66872057521
10_32_2013-02-08,29049.686207327995
10_33_2013-02-08,17605.571480674138
10_34_2013-02-08,50936.47009696944
10_35_2013-02-08,12227.053790140686
10_36_2013-02-08,84.06370143626634
10_37_2013-02-08,4582.945200516766
10_38_2013-02-08,113555.19676910408
10_40_2013-02-08,116034.96612077672
10_41_2013-02-08,12048.754425331288
10_42_2013-02-08,13155.182517663343
10_44_2013-02-08,10560.971567719089
10_46_2013-02-08,60383.626342733856
10_47_2013-02-08,-394.45950956265006
10_48_2013-02-08,1341.1834374021241
10_49_2013-02-08,24230.89382698412
10_50_2013-02-08,4913.689740287398
10_52_2013-02-08,5393.573109994209
10_54_2013-02-08,-26.315458459912946
10_55_2013-02-08,20547.991335406277
10_56_2013-02-08,4167.2520038639295
10_58_2013-02-08,3247.597461294246
10_59_2013-02-08,268.7812947937921
10_60_2013-02-08,450.1664545045826
10_67_2013-02-08,22210.636201042144
10_71_2013-02-08,24974.17828831023
10_72_2013-02-08,233560.62263293576
10_74_2013-02-08,51041.095550036654
10_79_2013-02-08,46531.48106766118
10_1_2013-02-15,72269.64314622642
10_2_2013-02-15,117617.98110508046
10_3_2013-02-15,26763.82029711553
10_4_2013-02-15,50842.84188739844
10_5_2013-02-15,72204.96454756355
10_6_2013-02-15,10695.162340160672
10_7_2013-02-15,46547.48919501678
10_10_2013-02-15,51941.29493819323
10_11_2013-02-15,29627.11499142591
10_12_2013-02-15,9165.318693787962
10_13_2013-02-15,62901.28730928134
10_14_2013-02-15,44736.6740778441
10_16_2013-02-15,16489.98966950027
10_17_2013-02-15,32197.341082808904
10_18_2013-02-15,29648.82657727943
10_19_2013-02-15,2519.111972585518
10_20_2013-02-15,17111.57521935731
10_21_2013-02-15,10019.793344544345
10_22_2013-02-15,34247.40810954094
10_23_2013-02-15,69187.6690383081
10_24_2013-02-15,16819.90742095151
10_25_2013-02-15,21066.801369387736
10_26_2013-02-15,19775.45339443253
10_27_2013-02-15,5656.23305045244
10_28_2013-02-15,1789.6943942357777
10_29_2013-02-15,21654.324055641275
10_30_2013-02-15,13405.742776674011
10_31_2013-02-15,5264.191463421029
10_32_2013-02-15,39387.80633441713
10_33_2013-02-15,15074.578377407819
10_34_2013-02-15,46708.62907433531
10_35_2013-02-15,9889.373808310116
10_36_2013-02-15,2242.6601036495795
10_37_2013-02-15,4644.799189211197
10_38_2013-02-15,100753.0433122835
10_40_2013-02-15,109932.03981271562
10_41_2013-02-15,14424.224414064605
10_42_2013-02-15,13291.701297174535
10_44_2013-02-15,8732.829467931035
10_46_2013-02-15,53959.815067040225
10_48_2013-02-15,2745.3958073827184
10_49_2013-02-15,25669.05745519253
10_50_2013-02-15,4842.6133995380915
10_52_2013-02-15,5572.669312089294
10_54_2013-02-15,117.99568226902372
10_55_2013-02-15,23676.847588741803
10_56_2013-02-15,4456.189905153666
10_58_2013-02-15,5733.339109675995
10_59_2013-02-15,396.83978894251095
10_60_2013-02-15,698.3662366401509
10_67_2013-02-15,26021.155110326235
10_71_2013-02-15,22727.658014191842
10_72_2013-02-15,174550.08904909034
10_74_2013-02-15,48419.82520564846
10_79_2013-02-15,42374.708117441885
10_1_2013-02-22,27722.7985446953
10_2_2013-02-22,115992.65606942083
10_3_2013-02-22,23527.05858732071
10_4_2013-02-22,51651.77220151309
10_5_2013-02-22,64226.69881154183
10_6_2013-02-22,8454.957282214593
10_7_2013-02-22,45779.76955715589
10_10_2013-02-22,51164.756312440935
10_11_2013-02-22,29304.631680931932
10_12_2013-02-22,10229.23660409778
10_13_2013-02-22,66672.5721099087
10_14_2013-02-22,45180.8065247011
10_16_2013-02-22,21203.022288429976
10_17_2013-02-22,30945.048444043478
10_18_2013-02-22,652.1873556366579
10_19_2013-02-22,3010.711825071363
10_20_2013-02-22,17540.10591627866
10_21_2013-02-22,8979.727513365975
10_22_2013-02-22,32798.859537113334
10_23_2013-02-22,68844.62348942725
10_24_2013-02-22,15686.431787799711
10_25_2013-02-22,24647.834624469553
10_26_2013-02-22,19402.64586438194
10_27_2013-02-22,4991.617608323651
10_28_2013-02-22,1625.286835460883
10_29_2013-02-22,16096.722930386471
10_30_2013-02-22,12975.872963110533
10_31_2013-02-22,5307.877996948785
10_32_2013-02-22,24762.05238595406
10_33_2013-02-22,14806.804540164894
10_34_2013-02-22,48208.054666826494
10_35_2013-02-22,12093.9105310691
10_36_2013-02-22,2305.494603343938
10_37_2013-02-22,4718.9789795307925
10_38_2013-02-22,110237.27552220493
10_40_2013-02-22,107648.93188964199
10_41_2013-02-22,13904.945196544117
10_42_2013-02-22,14027.856066965865
10_44_2013-02-22,8045.206247315467
10_46_2013-02-22,54624.981272644036
10_48_2013-02-22,2212.20367960232
10_49_2013-02-22,23815.041247787194
10_50_2013-02-22,4329.181199317711
10_52_2013-02-22,5966.769330905173
10_54_2013-02-22,-35.02168442410694
10_55_2013-02-22,18002.3146102702
10_56_2013-02-22,2358.540980213108
10_58_2013-02-22,2824.669562347288
10_59_2013-02-22,81.26059618473857
10_60_2013-02-22,353.2858048293647
10_67_2013-02-22,10711.706046647356
10_71_2013-02-22,23790.183983049064
10_72_2013-02-22,164781.8375468413
10_74_2013-02-22,51835.91356154818
10_79_2013-02-22,42832.297732990555
10_1_2013-03-01,41555.101460574966
10_2_2013-03-01,113179.98443750138
10_3_2013-03-01,24317.87813477033
10_4_2013-03-01,52748.36157581157
10_5_2013-03-01,81671.46259870048
10_6_2013-03-01,8293.194447145921
10_7_2013-03-01,41490.36702536839
10_10_2013-03-01,50461.18867183933
10_11_2013-03-01,29201.940542034685
10_12_2013-03-01,9668.670242530525
10_13_2013-03-01,66683.9550263857
10_14_2013-03-01,47739.51118608245
10_16_2013-03-01,15612.549247973846
10_17_2013-03-01,33108.56297421035
10_18_2013-03-01,4503.328268686893
10_19_2013-03-01,3371.777857471832
10_20_2013-03-01,20443.67489765961
10_21_2013-03-01,10046.766465995614
10_22_2013-03-01,34492.02421850242
10_23_2013-03-01,66261.65469456957
10_24_2013-03-01,14203.124173126207
10_25_2013-03-01,21465.63514587474
10_26_2013-03-01,17957.308015337374
10_27_2013-03-01,4994.233129381854
10_28_2013-03-01,1815.7089491931251
10_29_2013-03-01,16755.706074850325
10_30_2013-03-01,11844.472860486967
10_31_2013-03-01,5430.486989520734
10_32_2013-03-01,20149.27093542102
10_33_2013-03-01,11953.99496276361
10_34_2013-03-01,43898.71335405418
10_35_2013-03-01,10216.775484358152
10_36_2013-03-01,1966.9832959818882
10_37_2013-03-01,4414.350105383231
10_38_2013-03-01,119348.4133026266
10_40_2013-03-01,115298.73896044487
10_41_2013-03-01,12317.961671542002
10_42_2013-03-01,13040.90232645846
10_44_2013-03-01,8526.383382520813
10_46_2013-03-01,53528.57202556413
10_48_2013-03-01,1599.3494600598606
10_49_2013-03-01,22363.51856342075
10_50_2013-03-01,4597.294499247928
10_52_2013-03-01,4891.810528092508
10_54_2013-03-01,119.26645808078679
10_55_2013-03-01,18695.94373506452
10_56_2013-03-01,2096.4318698541833
10_58_2013-03-01,4236.229328948945
10_59_2013-03-01,494.44126925707616
10_60_2013-03-01,817.7162564722939
10_67_2013-03-01,12462.768914498767
10_71_2013-03-01,20801.265266625345
10_72_2013-03-01,156132.04196557912
10_74_2013-03-01,50098.03400818051
10_79_2013-03-01,48093.51928192824
10_1_2013-03-08,22526.96665751734
10_2_2013-03-08,110274.99208212079
10_3_2013-03-08,21966.058347748447
10_4_2013-03-08,49357.75315760076
10_5_2013-03-08,50085.57464506034
10_6_2013-03-08,7114.591272033874
10_7_2013-03-08,44032.045172593345
10_10_2013-03-08,48190.247968767704
10_11_2013-03-08,32342.578095859855
10_12_2013-03-08,7849.96529939867
10_13_2013-03-08,65432.63744237143
10_14_2013-03-08,42905.16619441767
10_16_2013-03-08,32098.30460099854
10_17_2013-03-08,31322.497660796864
10_18_2013-03-08,-2586.744918500726
10_19_2013-03-08,3180.302897384061
10_20_2013-03-08,16765.89088053743
10_21_2013-03-08,10427.14744880013
10_22_2013-03-08,29216.921433015414
10_23_2013-03-08,64023.25054651918
10_24_2013-03-08,11491.108063076746
10_25_2013-03-08,24640.154567027857
10_26_2013-03-08,16647.116830573388
10_27_2013-03-08,4765.589539649607
10_28_2013-03-08,1545.4866361143409
10_29_2013-03-08,14013.665285938789
10_30_2013-03-08,11022.572845996921
10_31_2013-03-08,4873.254200259744
10_32_2013-03-08,18197.853003871605
10_33_2013-03-08,11572.840678302036
10_34_2013-03-08,40967.43136428165
10_35_2013-03-08,10989.838446193175
10_36_2013-03-08,2356.3375334011826
10_37_2013-03-08,4565.369326278265
10_38_2013-03-08,106313.89263101705
10_40_2013-03-08,109479.73894135164
10_41_2013-03-08,12716.440208226762
10_42_2013-03-08,12111.64590124098
10_44_2013-03-08,7854.495323416394
10_46_2013-03-08,59284.999441424516
10_48_2013-03-08,2359.892558033486
10_49_2013-03-08,23845.582470657308
10_50_2013-03-08,4301.538227148773
10_52_2013-03-08,6588.195310007224
10_54_2013-03-08,12.773193584037529
10_55_2013-03-08,17574.55441838535
10_56_2013-03-08,2547.9441056834225
10_58_2013-03-08,3717.0888935358657
10_59_2013-03-08,236.61697097995273
10_60_2013-03-08,407.3302977104597
10_67_2013-03-08,10220.474744709449
10_71_2013-03-08,17721.18292968396
10_72_2013-03-08,149999.02495062732
10_74_2013-03-08,44278.02182158807
10_79_2013-03-08,41348.24082303655
10_1_2013-03-15,31937.92769530887
10_2_2013-03-15,110935.61455792566
10_3_2013-03-15,21513.595833191044
10_4_2013-03-15,48817.76507498027
10_5_2013-03-15,58482.603565068144
10_6_2013-03-15,10910.236664979224
10_7_2013-03-15,51266.879617480576
10_10_2013-03-15,49726.52503254234
10_11_2013-03-15,30510.308778410003
10_12_2013-03-15,11324.916359511115
10_13_2013-03-15,63600.18797105423
10_14_2013-03-15,40694.56785549244
10_16_2013-03-15,36764.32706302163
10_17_2013-03-15,29317.25855998347
10_18_2013-03-15,2278.5343529565907
10_19_2013-03-15,3037.583296768346
10_20_2013-03-15,16776.597023798622
10_21_2013-03-15,9330.969097689862
10_22_2013-03-15,25175.803537775948
10_23_2013-03-15,66531.09546252587
10_24_2013-03-15,14415.78612305512
10_25_2013-03-15,23076.823045709025
10_26_2013-03-15,17221.17371540234
10_27_2013-03-15,4719.970884625721
10_28_2013-03-15,1332.5330785078916
10_29_2013-03-15,15038.302693355598
10_30_2013-03-15,11443.939229484324
10_31_2013-03-15,4335.589849102687
10_32_2013-03-15,20471.864941104144
10_33_2013-03-15,13897.87404941578
10_34_2013-03-15,44103.71938346986
10_35_2013-03-15,11458.320097221858
10_36_2013-03-15,3662.489845414367
10_37_2013-03-15,4612.660666435533
10_38_2013-03-15,92508.01886789851
10_40_2013-03-15,107352.10501746046
10_41_2013-03-15,12318.356063873998
10_42_2013-03-15,12687.80881213663
10_44_2013-03-15,8559.209221989633
10_46_2013-03-15,60144.23218073596
10_48_2013-03-15,2278.0905710053758
10_49_2013-03-15,21807.915978012647
10_50_2013-03-15,4405.443861909985
10_52_2013-03-15,5041.935643984604
10_54_2013-03-15,248.84781713341306
10_55_2013-03-15,19935.62009196956
10_56_2013-03-15,2850.3720403250722
10_58_2013-03-15,4174.262863167562
10_59_2013-03-15,429.7674468781261
10_60_2013-03-15,563.4231238187668
10_67_2013-03-15,11710.29200813321
10_71_2013-03-15,18267.010538406637
10_72_2013-03-15,132522.24342900264
10_74_2013-03-15,45414.08596050652
10_79_2013-03-15,39132.83466368114
10_1_2013-03-22,27027.406981340468
10_2_2013-03-22,105819.21640459035
10_3_2013-03-22,20470.629135327654
10_4_2013-03-22,47526.3036403482
10_5_2013-03-22,41629.238952614985
10_6_2013-03-22,9802.855182532485
10_7_2013-03-22,45395.39529833611
10_10_2013-03-22,48239.19108947386
10_11_2013-03-22,31021.853865662237
10_12_2013-03-22,7773.971790095384
10_13_2013-03-22,61467.001827833505
10_14_2013-03-22,34664.566005976936
10_16_2013-03-22,45124.27672693747
10_17_2013-03-22,25108.08037405946
10_18_2013-03-22,-1407.2085029344134
10_19_2013-03-22,3538.9413706983673
10_20_2013-03-22,14214.727379676835
10_21_2013-03-22,8380.402416430841
10_22_2013-03-22,23996.15857389975
10_23_2013-03-22,64191.156735563025
10_24_2013-03-22,10867.338509599687
10_25_2013-03-22,25694.538725720522
10_26_2013-03-22,15192.440313048597
10_27_2013-03-22,3576.685407985231
10_28_2013-03-22,1319.369268561116
10_29_2013-03-22,13442.984479141232
10_30_2013-03-22,11288.597389604336
10_31_2013-03-22,4694.020154982205
10_32_2013-03-22,18943.864223563705
10_33_2013-03-22,13137.912633351998
10_34_2013-03-22,41443.9288910064
10_35_2013-03-22,11048.805577963529
10_36_2013-03-22,4272.573601552391
10_37_2013-03-22,4070.639025339325
10_38_2013-03-22,96813.76319180276
10_40_2013-03-22,102459.44821080877
10_41_2013-03-22,12520.231509940022
10_42_2013-03-22,11891.631667597832
10_44_2013-03-22,7895.143834681176
10_46_2013-03-22,59519.057150157285
10_48_2013-03-22,1716.1314552803185
10_49_2013-03-22,23964.697079487058
10_50_2013-03-22,4537.377395464029
10_52_2013-03-22,5606.474749100506
10_54_2013-03-22,-171.47124793843597
10_55_2013-03-22,14308.132959074657
10_56_2013-03-22,2856.3093834123556
10_58_2013-03-22,6012.236771946619
10_59_2013-03-22,406.182840836432
10_60_2013-03-22,395.9747207351532
10_67_2013-03-22,9494.26273217891
10_71_2013-03-22,12759.025090801792
10_72_2013-03-22,108576.86466026051
10_74_2013-03-22,42795.31334139138
10_79_2013-03-22,34439.77319564845
10_1_2013-03-29,49029.463804588624
10_2_2013-03-29,110653.80066356603
10_3_2013-03-29,20004.47019595223
10_4_2013-03-29,47339.832017964945
10_5_2013-03-29,46403.466610523894
10_6_2013-03-29,7692.603048421669
10_7_2013-03-29,46179.82720088783
10_10_2013-03-29,51245.214003832436
10_11_2013-03-29,31899.276957421494
10_12_2013-03-29,10802.365332685822
10_13_2013-03-29,61328.60673608725
10_14_2013-03-29,38157.98970293318
10_16_2013-03-29,42779.39441799519
10_17_2013-03-29,26446.65618096497
10_18_2013-03-29,7666.4085496196785
10_19_2013-03-29,2881.844434418593
10_20_2013-03-29,16234.191619659308
10_21_2013-03-29,9327.063664758527
10_22_2013-03-29,26669.32866350815
10_23_2013-03-29,66497.50743064951
10_24_2013-03-29,12177.017658470268
10_25_2013-03-29,22392.155132813972
10_26_2013-03-29,17310.46488631025
10_27_2013-03-29,3719.360992024223
10_28_2013-03-29,1337.4212168504102
10_29_2013-03-29,15141.051146283678
10_30_2013-03-29,11717.837256305493
10_31_2013-03-29,4836.958609707039
10_32_2013-03-29,18739.34401483061
10_33_2013-03-29,14011.09758764468
10_34_2013-03-29,44169.552384672344
10_35_2013-03-29,8917.796736343986
10_36_2013-03-29,3925.921151570038
10_37_2013-03-29,4225.720723216274
10_38_2013-03-29,110701.25597139346
10_40_2013-03-29,101917.46172371475
10_41_2013-03-29,11313.192070144998
10_42_2013-03-29,11993.66302565079
10_44_2013-03-29,7860.645720844824
10_46_2013-03-29,57886.652841874165
10_48_2013-03-29,2868.199819257463
10_49_2013-03-29,22530.651723962346
10_50_2013-03-29,4647.025543254842
10_52_2013-03-29,5464.5792650549365
10_54_2013-03-29,49.51477306776748
10_55_2013-03-29,18734.526745668176
10_56_2013-03-29,3328.60768455892
10_58_2013-03-29,5398.220113580474
10_59_2013-03-29,295.79069358910556
10_60_2013-03-29,534.0496935818551
10_67_2013-03-29,11166.294566416276
10_71_2013-03-29,15379.459401563408
10_72_2013-03-29,116048.08782000252
10_74_2013-03-29,40568.25049666203
10_79_2013-03-29,43350.322075519114
10_1_2013-04-05,100898.40035448539
10_2_2013-04-05,114789.43486016909
10_3_2013-04-05,21354.292713227762
10_4_2013-04-05,50614.39349247754
10_5_2013-04-05,53412.38564910185
10_6_2013-04-05,9244.216713801028
10_7_2013-04-05,67024.32566945802
10_10_2013-04-05,48795.60297561937
10_11_2013-04-05,35520.6681715832
10_12_2013-04-05,9873.274933635723
10_13_2013-04-05,64025.35026160535
10_14_2013-04-05,40250.688012710554
10_16_2013-04-05,48801.0358820417
10_17_2013-04-05,26792.363885845654
10_18_2013-04-05,28285.039813968
10_19_2013-04-05,3206.0989785433694
10_20_2013-04-05,17411.24677532827
10_21_2013-04-05,11362.312224776271
10_22_2013-04-05,25126.699094828044
10_23_2013-04-05,68156.27322227604
10_24_2013-04-05,17073.555860611566
10_25_2013-04-05,25170.685284035197
10_26_2013-04-05,20929.77873992418
10_27_2013-04-05,4060.6709230997094
10_28_2013-04-05,1251.4214617132666
10_29_2013-04-05,14934.678101667907
10_30_2013-04-05,14331.48985711013
10_31_2013-04-05,5101.308938685127
10_32_2013-04-05,22771.18073633303
10_33_2013-04-05,17165.194312968433
10_34_2013-04-05,52932.0088054538
10_35_2013-04-05,11138.709946068338
10_36_2013-04-05,5063.164495274948
10_37_2013-04-05,3975.328684720787
10_38_2013-04-05,96094.49268757539
10_40_2013-04-05,108102.3317445048
10_41_2013-04-05,9383.846447819653
10_42_2013-04-05,11615.798235280745
10_44_2013-04-05,8242.622010574
10_46_2013-04-05,60180.38971036222
10_47_2013-04-05,17890.47428815633
10_48_2013-04-05,2237.969464246545
10_49_2013-04-05,22680.976124836623
10_50_2013-04-05,4555.519384387542
10_52_2013-04-05,6005.960564434773
10_54_2013-04-05,46.96311505820316
10_55_2013-04-05,18366.234643867287
10_56_2013-04-05,2610.795447403056
10_58_2013-04-05,3188.0995650904188
10_59_2013-04-05,346.2067687108769
10_60_2013-04-05,496.09427910549175
10_67_2013-04-05,12103.268858580892
10_71_2013-04-05,15111.005995734751
10_72_2013-04-05,120796.4366132173
10_74_2013-04-05,44827.11051188972
10_79_2013-04-05,41455.618853242355
10_1_2013-04-12,67092.4463562015
10_2_2013-04-12,109787.45188063223
10_3_2013-04-12,21772.352460417074
10_4_2013-04-12,47487.462437217546
10_5_2013-04-12,56487.61448952882
10_6_2013-04-12,11273.45782936237
10_7_2013-04-12,51948.55570331673
10_10_2013-04-12,46278.16245516719
10_11_2013-04-12,32777.46615927787
10_12_2013-04-12,8913.5040127424
10_13_2013-04-12,61962.96115938424
10_14_2013-04-12,37016.43416801477
10_16_2013-04-12,45620.058462336434
10_17_2013-04-12,25420.80485060079
10_18_2013-04-12,15471.015077879765
10_19_2013-04-12,3217.0078742405394
10_20_2013-04-12,14938.966819786123
10_21_2013-04-12,10196.802511694843
10_22_2013-04-12,22353.04163448814
10_23_2013-04-12,61943.69851928371
10_24_2013-04-12,14412.359725545806
10_25_2013-04-12,23615.73886565484
10_26_2013-04-12,18089.39371447744
10_27_2013-04-12,3492.644837966026
10_28_2013-04-12,1413.1036189269157
10_29_2013-04-12,13668.268956888121
10_30_2013-04-12,12804.86436907802
10_31_2013-04-12,4697.689403767244
10_32_2013-04-12,19852.833631313213
10_33_2013-04-12,13297.780249009755
10_34_2013-04-12,48252.82246667921
10_35_2013-04-12,8970.17396455101
10_36_2013-04-12,4232.887962295468
10_37_2013-04-12,4259.566190094463
10_38_2013-04-12,80825.69887360599
10_40_2013-04-12,103519.4263797925
10_41_2013-04-12,5720.085529660708
10_42_2013-04-12,12021.943912007257
10_44_2013-04-12,8299.418939520378
10_46_2013-04-12,55499.63696605045
10_47_2013-04-12,387.54568306518786
10_48_2013-04-12,789.3688207434673
10_49_2013-04-12,19273.524830160764
10_50_2013-04-12,4521.412153526175
10_52_2013-04-12,5126.349943170608
10_54_2013-04-12,335.4742478161496
10_55_2013-04-12,14850.083061977013
10_56_2013-04-12,2123.4695853225885
10_58_2013-04-12,3573.445773412334
10_59_2013-04-12,614.9714121312328
10_60_2013-04-12,295.3660909824923
10_67_2013-04-12,12142.209268391942
10_71_2013-04-12,15944.639696195805
10_72_2013-04-12,126468.03705224651
10_74_2013-04-12,40530.71931500921
10_79_2013-04-12,37092.592152727426
10_1_2013-04-19,38803.70624070849
10_2_2013-04-19,110974.93082573255
10_3_2013-04-19,19898.978669495948
10_4_2013-04-19,46234.03247945557
10_5_2013-04-19,65205.7432974468
10_6_2013-04-19,9981.520663593634
10_7_2013-04-19,46839.20039413371
10_10_2013-04-19,45572.62573117127
10_11_2013-04-19,31869.1513974818
10_12_2013-04-19,9834.897751713585
10_13_2013-04-19,60440.67859828356
10_14_2013-04-19,37214.658963954775
10_16_2013-04-19,47662.181127408614
10_17_2013-04-19,25185.66927591822
10_18_2013-04-19,4739.745866448158
10_19_2013-04-19,2610.5071961621115
10_20_2013-04-19,14683.416044330397
10_21_2013-04-19,9177.162669943194
10_22_2013-04-19,22653.588100606277
10_23_2013-04-19,67681.78793389488
10_24_2013-04-19,12222.097674149598
10_25_2013-04-19,22604.61928278849
10_26_2013-04-19,15673.99892562259
10_27_2013-04-19,3593.026829076098
10_28_2013-04-19,1339.0473932035793
10_29_2013-04-19,14846.237869213202
10_30_2013-04-19,12489.938657088669
10_31_2013-04-19,4796.338552811247
10_32_2013-04-19,17760.50588005193
10_33_2013-04-19,12965.487728744085
10_34_2013-04-19,47141.75372889288
10_35_2013-04-19,10944.13987319423
10_36_2013-04-19,5016.140286452945
10_37_2013-04-19,3780.5810883439026
10_38_2013-04-19,95063.47831081507
10_40_2013-04-19,102634.42652888721
10_41_2013-04-19,5936.621933295334
10_42_2013-04-19,11983.598136081715
10_44_2013-04-19,7536.021208155214
10_46_2013-04-19,57778.45985441448
10_47_2013-04-19,14842.39234655976
10_48_2013-04-19,1779.557737247319
10_49_2013-04-19,18596.96417024831
10_50_2013-04-19,4660.133316053877
10_52_2013-04-19,5718.42019518392
10_54_2013-04-19,164.63845522772755
10_55_2013-04-19,15210.005351797856
10_56_2013-04-19,2286.585183753547
10_58_2013-04-19,3112.5176191700602
10_59_2013-04-19,652.1848928355004
10_60_2013-04-19,310.9882010226129
10_67_2013-04-19,12697.80733004798
10_71_2013-04-19,13954.4062523909
10_72_2013-04-19,110205.27022386104
10_74_2013-04-19,40327.49833783336
10_79_2013-04-19,35798.38614361907
10_1_2013-04-26,34515.43491816759
10_2_2013-04-26,107504.16320029211
10_3_2013-04-26,20098.349940327887
10_4_2013-04-26,45519.23865802029
10_5_2013-04-26,49867.30525901989
10_6_2013-04-26,12309.120679133923
10_7_2013-04-26,43016.390121022494
10_10_2013-04-26,45450.52991539488
10_11_2013-04-26,31234.7963107357
10_12_2013-04-26,9833.94214229837
10_13_2013-04-26,59923.939347367304
10_14_2013-04-26,34006.849603878065
10_16_2013-04-26,46229.540090053895
10_17_2013-04-26,24618.228056983473
10_19_2013-04-26,3146.4058268104955
10_20_2013-04-26,14199.924340257006
10_21_2013-04-26,9193.341097366478
10_22_2013-04-26,21371.168405095334
10_23_2013-04-26,66953.84173968264
10_24_2013-04-26,12184.364115321434
10_25_2013-04-26,22496.390718086594
10_26_2013-04-26,16711.47629116004
10_27_2013-04-26,3579.012934849002
10_28_2013-04-26,1293.126636913914
10_29_2013-04-26,14812.666140044266
10_30_2013-04-26,12281.747990110098
10_31_2013-04-26,4823.020058687358
10_32_2013-04-26,18726.686612117835
10_33_2013-04-26,13877.645100908447
10_34_2013-04-26,46772.186990953334
10_35_2013-04-26,9617.982377091008
10_36_2013-04-26,6661.408679834976
10_37_2013-04-26,4349.151785392103
10_38_2013-04-26,90078.69388583537
10_40_2013-04-26,98847.77201971061
10_41_2013-04-26,5799.275456046916
10_42_2013-04-26,11137.24146508634
10_44_2013-04-26,7959.020741463381
10_46_2013-04-26,57008.80927535844
10_48_2013-04-26,1472.6308310510553
10_49_2013-04-26,22129.475359336328
10_50_2013-04-26,4261.989507640941
10_52_2013-04-26,4398.213859171489
10_54_2013-04-26,224.11278219914277
10_55_2013-04-26,17285.43829240602
10_56_2013-04-26,2123.69051520069
10_58_2013-04-26,3567.702857071445
10_59_2013-04-26,599.3550272092342
10_60_2013-04-26,428.48746579485396
10_67_2013-04-26,14163.467871284864
10_71_2013-04-26,12543.97155806732
10_72_2013-04-26,110845.70258075127
10_74_2013-04-26,38961.728131268246
10_79_2013-04-26,36969.70114149393
10_1_2013-05-03,36745.40204751382
10_2_2013-05-03,113199.1721048408
10_3_2013-05-03,21463.56712006323
10_4_2013-05-03,50746.19690965262
10_5_2013-05-03,42602.897193134704
10_6_2013-05-03,12225.277324666919
10_7_2013-05-03,48161.38172419663
10_10_2013-05-03,48851.59780812753
10_11_2013-05-03,35389.76749009115
10_12_2013-05-03,9475.333845065403
10_13_2013-05-03,67303.41015950822
10_14_2013-05-03,36978.43697385785
10_16_2013-05-03,53067.812997196
10_17_2013-05-03,26759.495233216934
10_18_2013-05-03,1516.8798849857797
10_19_2013-05-03,3540.1074574271624
10_20_2013-05-03,17085.523365591907
10_21_2013-05-03,10889.284024033363
10_22_2013-05-03,21707.92053402227
10_23_2013-05-03,67481.0762800507
10_24_2013-05-03,13148.188763466997
10_25_2013-05-03,22856.567024881635
10_26_2013-05-03,16891.973089926887
10_27_2013-05-03,3871.4306341247357
10_28_2013-05-03,1226.6440936441713
10_29_2013-05-03,16454.602554313118
10_30_2013-05-03,12536.913816708733
10_31_2013-05-03,5151.681998629694
10_32_2013-05-03,23840.10011042855
10_33_2013-05-03,13812.164476701577
10_34_2013-05-03,51464.92127997611
10_35_2013-05-03,12223.783865907
10_36_2013-05-03,5962.226408126059
10_37_2013-05-03,3999.1459638987812
10_38_2013-05-03,87305.53894821831
10_40_2013-05-03,104481.20822436931
10_41_2013-05-03,5422.716033825772
10_42_2013-05-03,12689.349514598101
10_44_2013-05-03,8379.759346650444
10_46_2013-05-03,61228.81707236765
10_48_2013-05-03,2038.2701975377552
10_49_2013-05-03,18405.83539097253
10_50_2013-05-03,4018.9950711163247
10_52_2013-05-03,5179.4001523569905
10_54_2013-05-03,304.0630858273451
10_55_2013-05-03,15813.914998005659
10_56_2013-05-03,3056.176909180105
10_58_2013-05-03,3724.136131392287
10_59_2013-05-03,560.2857334593747
10_60_2013-05-03,412.0845940560994
10_67_2013-05-03,25743.973873116236
10_71_2013-05-03,16414.150982338364
10_72_2013-05-03,120186.27203422641
10_74_2013-05-03,41706.19519691255
10_79_2013-05-03,41918.94495486048
10_1_2013-05-10,33436.43383735172
10_2_2013-05-10,105378.56356339142
10_3_2013-05-10,19937.54212474803
10_4_2013-05-10,46649.111052688575
10_5_2013-05-10,47453.481973132875
10_6_2013-05-10,11270.119842125121
10_7_2013-05-10,48269.01392336373
10_10_2013-05-10,42685.79870301029
10_11_2013-05-10,33087.59819789362
10_12_2013-05-10,9290.852366100658
10_13_2013-05-10,60724.09761874211
10_14_2013-05-10,36116.36924638507
10_16_2013-05-10,49479.17510969872
10_17_2013-05-10,26640.40922513463
10_19_2013-05-10,2709.9819054859695
10_20_2013-05-10,14948.600363638961
10_21_2013-05-10,9402.977685864735
10_22_2013-05-10,21099.84663311362
10_23_2013-05-10,60864.067082920694
10_24_2013-05-10,11967.087921617478
10_25_2013-05-10,20947.302480105107
10_26_2013-05-10,15095.174735303844
10_27_2013-05-10,3330.6918263539487
10_28_2013-05-10,1118.2377222280104
10_29_2013-05-10,15654.594421448142
10_30_2013-05-10,11881.47114708625
10_31_2013-05-10,4764.312750460874
10_32_2013-05-10,25590.2123583111
10_33_2013-05-10,12108.55854089771
10_34_2013-05-10,48882.68650800862
10_35_2013-05-10,10637.528091113236
10_36_2013-05-10,6281.757237043171
10_37_2013-05-10,3701.1962118863694
10_38_2013-05-10,89127.37600332602
10_40_2013-05-10,99297.50921488876
10_41_2013-05-10,4002.5738054177746
10_42_2013-05-10,10739.333122045602
10_44_2013-05-10,8693.320832139481
10_46_2013-05-10,56672.88093580192
10_48_2013-05-10,1792.3416405814542
10_49_2013-05-10,20631.608736524013
10_50_2013-05-10,4310.542161850631
10_52_2013-05-10,5901.071460865921
10_54_2013-05-10,448.2499937346086
10_55_2013-05-10,13969.858612807831
10_56_2013-05-10,2199.088896459603
10_58_2013-05-10,4481.759779420637
10_59_2013-05-10,707.2470719967444
10_60_2013-05-10,537.8644023947403
10_67_2013-05-10,25084.31341727847
10_71_2013-05-10,13499.37129636912
10_72_2013-05-10,112445.20935963043
10_74_2013-05-10,38617.88159299856
10_79_2013-05-10,34345.57888862865
10_1_2013-05-17,33401.61222421845
10_2_2013-05-17,103594.36527482778
10_3_2013-05-17,19974.563167826742
10_4_2013-05-17,47039.55038951344
10_5_2013-05-17,41975.83689886788
10_6_2013-05-17,10988.760327225318
10_7_2013-05-17,49272.743135206634
10_10_2013-05-17,48606.90250689942
10_11_2013-05-17,35885.291037654184
10_12_2013-05-17,9545.227895883456
10_13_2013-05-17,60316.553879911204
10_14_2013-05-17,33382.15855461724
10_16_2013-05-17,45292.64834232328
10_17_2013-05-17,26423.079477968342
10_18_2013-05-17,-798.5670254626425
10_19_2013-05-17,2965.2381457403676
10_20_2013-05-17,14820.574605711563
10_21_2013-05-17,8871.28184279513
10_22_2013-05-17,21869.696001706823
10_23_2013-05-17,68109.5363159427
10_24_2013-05-17,12287.090393039063
10_25_2013-05-17,22423.99077023488
10_26_2013-05-17,15182.14738954505
10_27_2013-05-17,3267.7873173251014
10_28_2013-05-17,846.7343780896197
10_29_2013-05-17,15864.48520574326
10_30_2013-05-17,12039.025583272976
10_31_2013-05-17,4952.584568851256
10_32_2013-05-17,21664.924557714166
10_33_2013-05-17,11970.825316543067
10_34_2013-05-17,52821.0357527848
10_35_2013-05-17,11356.044662436077
10_36_2013-05-17,8692.651454117806
10_37_2013-05-17,4005.0798316640703
10_38_2013-05-17,85281.73125572817
10_40_2013-05-17,99120.16341440263
10_41_2013-05-17,6506.441567875515
10_42_2013-05-17,11874.18580934517
10_44_2013-05-17,7521.294219238211
10_46_2013-05-17,58476.733661033824
10_48_2013-05-17,1561.9408320787834
10_49_2013-05-17,19990.37230476413
10_50_2013-05-17,4471.472747032039
10_52_2013-05-17,4658.852651009575
10_54_2013-05-17,288.7463934383046
10_55_2013-05-17,18571.636178387114
10_56_2013-05-17,1437.2171442451424
10_58_2013-05-17,3032.4923736618734
10_59_2013-05-17,441.73637764277385
10_60_2013-05-17,293.8367275468745
10_67_2013-05-17,16122.397897114015
10_71_2013-05-17,14923.37284146816
10_72_2013-05-17,100609.81923363631
10_74_2013-05-17,40543.007486658644
10_79_2013-05-17,35064.31208388339
10_1_2013-05-24,30380.866080727123
10_2_2013-05-24,107874.49316679136
10_3_2013-05-24,20072.546074141123
10_4_2013-05-24,47728.91580094022
10_5_2013-05-24,42727.67191771452
10_6_2013-05-24,13203.524338861193
10_7_2013-05-24,56457.2283638016
10_10_2013-05-24,52200.74861017839
10_11_2013-05-24,35086.72524228884
10_12_2013-05-24,9703.595107966406
10_13_2013-05-24,59057.74700975968
10_14_2013-05-24,35365.944897885565
10_16_2013-05-24,48482.84348194318
10_17_2013-05-24,23768.244211960926
10_19_2013-05-24,3051.3091895563
10_20_2013-05-24,16549.351335247808
10_21_2013-05-24,9041.800444963304
10_22_2013-05-24,21933.737407645887
10_23_2013-05-24,70443.34028919532
10_24_2013-05-24,12406.197933877154
10_25_2013-05-24,24959.972586458567
10_26_2013-05-24,14501.009262275516
10_27_2013-05-24,3610.81866592638
10_28_2013-05-24,1022.019714202745
10_29_2013-05-24,14519.492781849383
10_30_2013-05-24,11468.70059352137
10_31_2013-05-24,4881.630890312822
10_32_2013-05-24,19624.905942847923
10_33_2013-05-24,13337.895057778962
10_34_2013-05-24,46638.837015756224
10_35_2013-05-24,9574.785494983258
10_36_2013-05-24,10248.280274199818
10_37_2013-05-24,4439.004565059289
10_38_2013-05-24,86895.10912910072
10_40_2013-05-24,99067.29578413456
10_41_2013-05-24,5434.072063182635
10_42_2013-05-24,11854.644695939614
10_44_2013-05-24,8374.812709006457
10_46_2013-05-24,61629.80675068347
10_48_2013-05-24,2211.814226859109
10_49_2013-05-24,20679.18826712284
10_50_2013-05-24,4092.8341612967556
10_52_2013-05-24,4545.421030395023
10_54_2013-05-24,232.69672050577856
10_55_2013-05-24,15999.29773054826
10_56_2013-05-24,1195.8348352369994
10_58_2013-05-24,2454.8504694215485
10_59_2013-05-24,453.0506678986118
10_60_2013-05-24,385.09860143369195
10_67_2013-05-24,15227.185867967344
10_71_2013-05-24,14524.900249054686
10_72_2013-05-24,100457.5003969082
10_74_2013-05-24,39974.8041490383
10_79_2013-05-24,33280.936020141526
10_1_2013-05-31,25507.371659664732
10_2_2013-05-31,111401.98841998578
10_3_2013-05-31,19152.82765630538
10_4_2013-05-31,48729.83506422941
10_5_2013-05-31,41572.75221066108
10_6_2013-05-31,9525.95316782441
10_7_2013-05-31,59078.04085232468
10_10_2013-05-31,50148.14292728748
10_11_2013-05-31,34884.04110614814
10_12_2013-05-31,10601.54853757245
10_13_2013-05-31,63519.32171490223
10_14_2013-05-31,34341.51293030765
10_16_2013-05-31,52125.29401322055
10_17_2013-05-31,26041.960508305816
10_18_2013-05-31,84.28491346773959
10_19_2013-05-31,2891.207458356791
10_20_2013-05-31,17022.351613974355
10_21_2013-05-31,9251.720015086903
10_22_2013-05-31,22014.15014656712
10_23_2013-05-31,63544.07006541885
10_24_2013-05-31,10233.970078626031
10_25_2013-05-31,21999.435897854073
10_26_2013-05-31,15000.706062786947
10_27_2013-05-31,3068.170878412611
10_28_2013-05-31,841.8997282058997
10_29_2013-05-31,14199.533722397793
10_30_2013-05-31,10936.584988302213
10_31_2013-05-31,5349.591200113576
10_32_2013-05-31,19723.15881173992
10_33_2013-05-31,11537.501727347915
10_34_2013-05-31,40417.49749964093
10_35_2013-05-31,9446.471427527295
10_36_2013-05-31,9609.634534791356
10_37_2013-05-31,4196.0183771466045
10_38_2013-05-31,82307.59398579533
10_40_2013-05-31,94777.00769235355
10_41_2013-05-31,5969.778853895266
10_42_2013-05-31,11641.555815221947
10_44_2013-05-31,7637.275718363493
10_46_2013-05-31,62067.92517652329
10_48_2013-05-31,1444.3961874080653
10_49_2013-05-31,19414.6611178874
10_50_2013-05-31,3920.730780129328
10_52_2013-05-31,4070.5096535297225
10_55_2013-05-31,15590.688171813079
10_56_2013-05-31,698.514904692951
10_58_2013-05-31,3767.61321879543
10_59_2013-05-31,472.19458335233276
10_60_2013-05-31,470.9713488569742
10_67_2013-05-31,11973.88112824921
10_71_2013-05-31,16059.604519214014
10_72_2013-05-31,106574.67337363187
10_74_2013-05-31,43218.63090397835
10_79_2013-05-31,35996.71806494014
10_1_2013-06-07,25076.430320078944
10_2_2013-06-07,110687.92812063858
10_3_2013-06-07,19635.30248063189
10_4_2013-06-07,47492.48758944415
10_5_2013-06-07,54753.48640511532
10_6_2013-06-07,7688.749296651197
10_7_2013-06-07,53362.813211383094
10_10_2013-06-07,52226.213402716865
10_11_2013-06-07,35388.67579522594
10_12_2013-06-07,10486.799750518134
10_13_2013-06-07,63020.07584693062
10_14_2013-06-07,35459.22422788784
10_16_2013-06-07,44510.042040763044
10_17_2013-06-07,26510.45514244961
10_19_2013-06-07,2721.4944215595297
10_20_2013-06-07,16117.947449258703
10_21_2013-06-07,9448.669369685125
10_22_2013-06-07,20420.241420626873
10_23_2013-06-07,66054.6251495319
10_24_2013-06-07,10986.505966476318
10_25_2013-06-07,21212.541434288956
10_26_2013-06-07,14256.026187041212
10_27_2013-06-07,3143.5710634347824
10_28_2013-06-07,928.8072414706861
10_29_2013-06-07,13686.891301024658
10_30_2013-06-07,11476.07187471589
10_31_2013-06-07,4831.0918995440215
10_32_2013-06-07,18787.17685806717
10_33_2013-06-07,12218.916183908923
10_34_2013-06-07,42277.51973291445
10_35_2013-06-07,10234.23290347703
10_36_2013-06-07,8346.51708192414
10_37_2013-06-07,3900.08226488469
10_38_2013-06-07,86774.30063646343
10_40_2013-06-07,98201.38198843368
10_41_2013-06-07,4912.24487509239
10_42_2013-06-07,12034.61517885429
10_44_2013-06-07,7886.0502267963475
10_46_2013-06-07,59423.913434818416
10_48_2013-06-07,1291.9118119962986
10_49_2013-06-07,19123.687295978507
10_50_2013-06-07,4206.667921092371
10_52_2013-06-07,3941.3914282414235
10_54_2013-06-07,192.5378761333646
10_55_2013-06-07,15092.171508589883
10_56_2013-06-07,565.1821582293015
10_58_2013-06-07,3517.7974816080696
10_59_2013-06-07,561.3769771875816
10_60_2013-06-07,463.1501379865265
10_67_2013-06-07,12975.775317723732
10_71_2013-06-07,15467.832161645718
10_72_2013-06-07,112023.10387126649
10_74_2013-06-07,41918.16320086868
10_79_2013-06-07,36372.54196533803
10_1_2013-06-14,24386.402525868565
10_2_2013-06-14,111755.24254335817
10_3_2013-06-14,19828.33640644049
10_4_2013-06-14,45662.259380186326
10_5_2013-06-14,52388.784633742805
10_6_2013-06-14,11094.352970284312
10_7_2013-06-14,50528.9510505226
10_10_2013-06-14,54217.838337825946
10_11_2013-06-14,37169.615075248716
10_12_2013-06-14,10559.126852909216
10_13_2013-06-14,60852.32341273595
10_14_2013-06-14,34796.281793926224
10_16_2013-06-14,46645.2801196256
10_17_2013-06-14,27469.63833737383
10_19_2013-06-14,2704.251894683912
10_20_2013-06-14,15911.513354804114
10_21_2013-06-14,10320.275947049893
10_22_2013-06-14,21509.61136195618
10_23_2013-06-14,70641.95327075735
10_24_2013-06-14,10370.076870477262
10_25_2013-06-14,21178.12767625992
10_26_2013-06-14,14362.747851454626
10_27_2013-06-14,3179.0596501411246
10_28_2013-06-14,973.7576900055464
10_29_2013-06-14,13713.544423678295
10_30_2013-06-14,11849.641086048146
10_31_2013-06-14,4887.045125033406
10_32_2013-06-14,19974.675893588923
10_33_2013-06-14,10623.197188083577
10_34_2013-06-14,43682.431460998254
10_35_2013-06-14,9337.786797505527
10_36_2013-06-14,8762.872672079973
10_37_2013-06-14,4095.1977060268887
10_38_2013-06-14,80749.25593642546
10_40_2013-06-14,98151.86708849574
10_41_2013-06-14,7911.549654980491
10_42_2013-06-14,11206.645108944304
10_44_2013-06-14,8302.074139637685
10_46_2013-06-14,62128.27554627988
10_48_2013-06-14,2024.069935266129
10_49_2013-06-14,19284.441934333485
10_50_2013-06-14,4653.665906861123
10_52_2013-06-14,4272.812734225238
10_54_2013-06-14,251.70245263596087
10_55_2013-06-14,16741.56249913027
10_56_2013-06-14,756.9127756416017
10_58_2013-06-14,6505.0548492508915
10_59_2013-06-14,554.5740208874086
10_60_2013-06-14,455.1097697465533
10_67_2013-06-14,20384.62937541994
10_71_2013-06-14,14380.192401688673
10_72_2013-06-14,124087.05093243772
10_74_2013-06-14,41150.76548211818
10_79_2013-06-14,40287.54097975506
10_1_2013-06-21,24315.750015751823
10_2_2013-06-21,104783.78242229394
10_3_2013-06-21,17802.50281818599
10_4_2013-06-21,45223.58826587625
10_5_2013-06-21,44988.77796280031
10_6_2013-06-21,8424.836390654224
10_7_2013-06-21,47857.25017178017
10_10_2013-06-21,51591.52140428674
10_11_2013-06-21,38775.32054101636
10_12_2013-06-21,9411.948187603728
10_13_2013-06-21,55854.56910246584
10_14_2013-06-21,32448.086768256428
10_16_2013-06-21,44186.57435229389
10_17_2013-06-21,24147.54319998119
10_19_2013-06-21,2154.9087198097322
10_20_2013-06-21,14938.897889555421
10_21_2013-06-21,9884.917296875108
10_22_2013-06-21,18997.901496391907
10_23_2013-06-21,68174.4352544846
10_24_2013-06-21,10082.947567360407
10_25_2013-06-21,21737.582793239235
10_26_2013-06-21,12819.856180156301
10_27_2013-06-21,3234.14609139395
10_28_2013-06-21,813.4441427110954
10_29_2013-06-21,13766.696087029633
10_30_2013-06-21,10803.357436156013
10_31_2013-06-21,5018.646525134882
10_32_2013-06-21,19194.0224484888
10_33_2013-06-21,11392.112726398942
10_34_2013-06-21,40840.50268718792
10_35_2013-06-21,9332.579671507518
10_36_2013-06-21,7681.917344617922
10_37_2013-06-21,4194.187515186
10_38_2013-06-21,83358.71416913837
10_40_2013-06-21,91710.19788083986
10_41_2013-06-21,7487.2276286135
10_42_2013-06-21,11397.797635918574
10_44_2013-06-21,7898.047020644221
10_46_2013-06-21,57434.01264981724
10_48_2013-06-21,1474.9922097881586
10_49_2013-06-21,18730.648850961446
10_50_2013-06-21,4612.851667516692
10_52_2013-06-21,4272.875144202043
10_54_2013-06-21,101.91764229340046
10_55_2013-06-21,15499.456934382808
10_56_2013-06-21,624.1185046338335
10_58_2013-06-21,5711.28153211807
10_59_2013-06-21,425.04274572461964
10_60_2013-06-21,548.9493812953369
10_67_2013-06-21,15834.954197316723
10_71_2013-06-21,14279.784176592493
10_72_2013-06-21,113084.53003742706
10_74_2013-06-21,38202.85560612715
10_79_2013-06-21,33557.39576230193
10_1_2013-06-28,25561.469431338184
10_2_2013-06-28,108109.43613887418
10_3_2013-06-28,20407.99763745427
10_4_2013-06-28,46974.50015060216
10_5_2013-06-28,43975.58433454475
10_6_2013-06-28,8168.474733195127
10_7_2013-06-28,48024.19815304492
10_10_2013-06-28,53604.52845118254
10_11_2013-06-28,42638.94129144436
10_12_2013-06-28,10770.355969220436
10_13_2013-06-28,59400.90432714796
10_14_2013-06-28,34974.46431474377
10_16_2013-06-28,43160.43240489585
10_17_2013-06-28,23818.31007479254
10_19_2013-06-28,2789.2382336471146
10_20_2013-06-28,17064.989773626785
10_21_2013-06-28,9816.271880605173
10_22_2013-06-28,22640.104631176266
10_23_2013-06-28,64826.35762120157
10_24_2013-06-28,11016.987381127094
10_25_2013-06-28,20207.33907726597
10_26_2013-06-28,13287.318698158042
10_27_2013-06-28,3313.940980039182
10_28_2013-06-28,689.0772993833106
10_29_2013-06-28,14451.45288762426
10_30_2013-06-28,11049.19830796507
10_31_2013-06-28,5311.062236073145
10_32_2013-06-28,18392.164197170972
10_33_2013-06-28,12006.317401824843
10_34_2013-06-28,42362.4331168912
10_35_2013-06-28,8719.821165328845
10_36_2013-06-28,7753.009339326183
10_37_2013-06-28,4099.11804822789
10_38_2013-06-28,81573.31269589803
10_40_2013-06-28,90543.40385486044
10_41_2013-06-28,7143.946465845566
10_42_2013-06-28,11426.332371018018
10_44_2013-06-28,6869.562314543609
10_46_2013-06-28,57068.14230893595
10_48_2013-06-28,1539.2931998750544
10_49_2013-06-28,21421.33723630473
10_50_2013-06-28,4464.108561500107
10_52_2013-06-28,3957.214614047398
10_54_2013-06-28,281.37161903847493
10_55_2013-06-28,12781.832043730643
10_56_2013-06-28,372.93076633134797
10_58_2013-06-28,6752.577584393115
10_59_2013-06-28,553.6637301379209
10_60_2013-06-28,451.0095584005079
10_67_2013-06-28,9247.634961982609
10_71_2013-06-28,15222.63074305099
10_72_2013-06-28,110582.42178612405
10_74_2013-06-28,37988.00096945479
10_79_2013-06-28,35622.6549537826
10_1_2013-07-05,24038.33315772408
10_2_2013-07-05,109420.61247038282
10_3_2013-07-05,24702.892864899914
10_4_2013-07-05,51007.710224899485
10_5_2013-07-05,41904.45311003355
10_6_2013-07-05,9838.8017429291
10_7_2013-07-05,48962.12056650538
10_10_2013-07-05,56627.896272582235
10_11_2013-07-05,46068.69411637607
10_12_2013-07-05,9512.7345463125
10_13_2013-07-05,62747.24717128915
10_14_2013-07-05,32980.602511011544
10_16_2013-07-05,42351.9577332941
10_17_2013-07-05,27173.425152617343
10_18_2013-07-05,3204.523694412421
10_19_2013-07-05,2697.8214385465308
10_20_2013-07-05,15074.528886659873
10_21_2013-07-05,9130.258187739102
10_22_2013-07-05,19509.382656093545
10_23_2013-07-05,62994.87404963957
10_24_2013-07-05,10984.310859689156
10_25_2013-07-05,19589.941861060746
10_26_2013-07-05,12581.435193627556
10_27_2013-07-05,3082.8464383607165
10_28_2013-07-05,855.9676018359912
10_29_2013-07-05,15510.22737206911
10_30_2013-07-05,11514.776401827841
10_31_2013-07-05,5739.803264096
10_32_2013-07-05,17386.476254776742
10_33_2013-07-05,11825.557244023665
10_34_2013-07-05,44185.431932051804
10_35_2013-07-05,7580.07139256872
10_36_2013-07-05,7528.848611244264
10_37_2013-07-05,3975.303029071314
10_38_2013-07-05,72456.04266177063
10_40_2013-07-05,92151.25839064144
10_41_2013-07-05,7458.951800836824
10_42_2013-07-05,11355.479471097346
10_44_2013-07-05,6782.6373934092435
10_46_2013-07-05,54911.43503604122
10_47_2013-07-05,14274.330322458656
10_48_2013-07-05,913.5523051453675
10_49_2013-07-05,16738.612934929097
10_50_2013-07-05,3941.3204848656355
10_52_2013-07-05,3931.5675006763427
10_54_2013-07-05,106.52248507682
10_55_2013-07-05,13058.112543017607
10_56_2013-07-05,494.144601142994
10_58_2013-07-05,8234.199837187438
10_59_2013-07-05,470.66597301747606
10_60_2013-07-05,602.2561829672633
10_67_2013-07-05,7885.222550536457
10_71_2013-07-05,15491.9367045409
10_72_2013-07-05,102896.60002092132
10_74_2013-07-05,40676.918686303776
10_79_2013-07-05,36442.71244635206
10_1_2013-07-12,26146.144548238495
10_2_2013-07-12,109028.44340177675
10_3_2013-07-12,70175.10352309428
10_4_2013-07-12,47021.26049625633
10_5_2013-07-12,34359.54790697634
10_6_2013-07-12,7764.16053844832
10_7_2013-07-12,43142.16223928181
10_10_2013-07-12,49676.78472824012
10_11_2013-07-12,35899.51880470332
10_12_2013-07-12,9267.69732753971
10_13_2013-07-12,59839.97621906048
10_14_2013-07-12,36300.79543832868
10_16_2013-07-12,34280.27155734848
10_17_2013-07-12,26664.148414363186
10_19_2013-07-12,3165.5535183952006
10_20_2013-07-12,15837.97262312878
10_21_2013-07-12,8637.682318017109
10_22_2013-07-12,25034.93340161032
10_23_2013-07-12,64479.931977085456
10_24_2013-07-12,18101.21569744568
10_25_2013-07-12,20332.920556569996
10_26_2013-07-12,13618.74121535202
10_27_2013-07-12,3645.733028419518
10_28_2013-07-12,807.9488047855692
10_29_2013-07-12,17178.182015248225
10_30_2013-07-12,12363.12841867876
10_31_2013-07-12,9384.814619216397
10_32_2013-07-12,18742.069983193836
10_33_2013-07-12,15795.268743807113
10_34_2013-07-12,43635.33534410364
10_35_2013-07-12,7897.8247248438765
10_36_2013-07-12,5988.658435476776
10_37_2013-07-12,3377.3061034322486
10_38_2013-07-12,89694.58059983676
10_40_2013-07-12,93865.13412599864
10_41_2013-07-12,9215.385924768367
10_42_2013-07-12,11445.66113462045
10_44_2013-07-12,7812.651464288718
10_46_2013-07-12,54602.69293980271
10_48_2013-07-12,1870.5644645901502
10_49_2013-07-12,19634.131932978416
10_50_2013-07-12,4631.387692214344
10_52_2013-07-12,3873.2465357090055
10_54_2013-07-12,34.450819476156404
10_55_2013-07-12,13988.438089708925
10_56_2013-07-12,411.03085158255755
10_58_2013-07-12,2679.73807466081
10_59_2013-07-12,415.746229654018
10_60_2013-07-12,470.13511624397887
10_67_2013-07-12,9684.766461749687
10_71_2013-07-12,14900.956004467906
10_72_2013-07-12,107155.15585946299
10_74_2013-07-12,38767.363756703424
10_79_2013-07-12,35639.226736266726
10_1_2013-07-19,25799.973945328777
10_2_2013-07-19,109702.12754293131
10_3_2013-07-19,88995.33216420693
10_4_2013-07-19,46761.12455489444
10_5_2013-07-19,40553.678441840995
10_6_2013-07-19,8255.075594825877
10_7_2013-07-19,41012.01301746415
10_10_2013-07-19,50646.89580316697
10_11_2013-07-19,33065.17524930798
10_12_2013-07-19,8295.87509123749
10_13_2013-07-19,58428.04777523047
10_14_2013-07-19,36052.283719228166
10_16_2013-07-19,32296.89492651812
10_17_2013-07-19,26774.335936667936
10_19_2013-07-19,3138.9627912013916
10_20_2013-07-19,15569.278572930862
10_21_2013-07-19,7987.404198712297
10_22_2013-07-19,23434.64400521195
10_23_2013-07-19,68069.97996809307
10_24_2013-07-19,22928.65171951303
10_25_2013-07-19,21024.30950266582
10_26_2013-07-19,14664.064521904234
10_27_2013-07-19,3885.973494238805
10_28_2013-07-19,692.8872271567484
10_29_2013-07-19,18247.470778045656
10_30_2013-07-19,11905.01989039553
10_31_2013-07-19,11717.511575008852
10_32_2013-07-19,18856.194144416702
10_33_2013-07-19,19594.592911361935
10_34_2013-07-19,46482.68292238152
10_35_2013-07-19,8907.99476218304
10_36_2013-07-19,5441.2806157467685
10_37_2013-07-19,3174.64304635075
10_38_2013-07-19,76406.53410143872
10_40_2013-07-19,91632.33344826176
10_41_2013-07-19,9690.758636275381
10_42_2013-07-19,11606.228540928943
10_44_2013-07-19,7949.738447867511
10_46_2013-07-19,55573.567617559565
10_48_2013-07-19,1555.4570733491346
10_49_2013-07-19,18670.64224255244
10_50_2013-07-19,3863.0820827591247
10_52_2013-07-19,4412.243088455512
10_54_2013-07-19,-72.47779541415167
10_55_2013-07-19,11356.201347358929
10_56_2013-07-19,422.3092220261193
10_58_2013-07-19,5405.275733088909
10_59_2013-07-19,269.0430372215258
10_60_2013-07-19,362.65964563073675
10_67_2013-07-19,8725.802010927122
10_71_2013-07-19,16776.7342469676
10_72_2013-07-19,102650.32151994742
10_74_2013-07-19,41537.146237103414
10_79_2013-07-19,34321.51424675378
10_1_2013-07-26,26222.283014925084
10_2_2013-07-26,107335.20228497403
10_3_2013-07-26,87665.7290478323
10_4_2013-07-26,44704.268116820065
10_5_2013-07-26,34291.51776049432
10_6_2013-07-26,7511.9379981814955
10_7_2013-07-26,38557.14921181947
10_10_2013-07-26,46987.459027540375
10_11_2013-07-26,31130.047265942358
10_12_2013-07-26,9986.088339783255
10_13_2013-07-26,56820.42746049664
10_14_2013-07-26,36330.21990924098
10_16_2013-07-26,33297.064301834274
10_17_2013-07-26,25193.186653445595
10_19_2013-07-26,2545.779926183504
10_20_2013-07-26,16489.565872204737
10_21_2013-07-26,9122.1818513076
10_22_2013-07-26,25471.460269689633
10_23_2013-07-26,68434.76495664788
10_24_2013-07-26,24265.105663861803
10_25_2013-07-26,19382.774999006717
10_26_2013-07-26,13167.767670120656
10_27_2013-07-26,3932.134944380396
10_28_2013-07-26,696.0066663784554
10_29_2013-07-26,17037.91233172144
10_30_2013-07-26,14407.935962046335
10_31_2013-07-26,12051.189425051516
10_32_2013-07-26,16219.869998371787
10_33_2013-07-26,21164.582128172016
10_34_2013-07-26,44733.980908391546
10_35_2013-07-26,7400.469845910606
10_36_2013-07-26,4086.2598711135006
10_37_2013-07-26,3335.9800689704634
10_38_2013-07-26,89040.64160667402
10_40_2013-07-26,92040.07156547163
10_41_2013-07-26,9060.440106283617
10_42_2013-07-26,11167.919285371589
10_44_2013-07-26,8010.8696814075065
10_46_2013-07-26,53740.434989479894
10_48_2013-07-26,2295.4390364135797
10_49_2013-07-26,20686.94436071475
10_50_2013-07-26,4127.926093498832
10_52_2013-07-26,4175.882764286722
10_54_2013-07-26,17.26961906978603
10_55_2013-07-26,11462.109133259728
10_56_2013-07-26,391.06136959724404
10_58_2013-07-26,5389.1895263714605
10_59_2013-07-26,511.48963620793825
10_60_2013-07-26,410.5996158375495
10_67_2013-07-26,7717.184033886154
10_71_2013-07-26,16053.126253145772
10_72_2013-07-26,100571.16466827012
10_74_2013-07-26,39466.84108521789
10_79_2013-07-26,35646.307704008155
